{
	"alert": {
		"prefix": "alert",
		"body": [
			"<div class=\"alert ALERT_CLASSES\" role=\"alert\">\n  <svg focusable=\"false\" aria-hidden=\"true\" viewBox=\"0 0 24 24\" tabindex=\"-1\" title=\"Warning\"><path d=\"M1 21h22L12 2 1 21zm12-3h-2v-2h2v2zm0-4h-2v-4h2v4z\"></path></svg>\n  <p class=\"alert\">\n    ALERT_TEXT  \n</p>\n  <button aria-label=\"Close Alert\" class=\"icon medium close-alert\" type=\"button\">\n    <svg focusable=\"false\" aria-hidden=\"true\" viewBox=\"0 0 24 24\" tabindex=\"-1\" title=\"Close\"><path d=\"M19 6.41 17.59 5 12 10.59 6.41 5 5 6.41 10.59 12 5 17.59 6.41 19 12 13.41 17.59 19 19 17.59 13.41 12z\"></path></svg>\n  </button>\n</div>"
		]
	},
	"button": {
		"prefix": "button",
		"body": [
			"<button type=\"button\" class=\"ENTER CLASS NAME\" id=\"ENTER ID\" aria-label=\"ARIA LABEL\">$0</button>"
		]
	},
	"textarea": {
		"prefix": "textarea",
		"body": [
			"<div class=\"input-group block mt-1\" data-hover=\"false\" data-focus=\"false\" data-error=\"false\" data-blurred=\"false\"> \n  <label for=\"INPUT_NAME\">INPUT LABEL:</label>\n  <div class=\"mt-1 text-input block medium disabled\">\n      <textarea \n      name=\"INPUT_NAME\" \n      id=\"INPUT_NAME\" \n      placeholder=\"INPUT PLACEHOLDER\" \n      rows=\"10\" \n      maxlength=\"MAX LENGTH\" \n      minlength=\"MIN LENGTH\" \n      spellcheck=\"false\"\n      autocomplete=\"off\"\n      autocapitalize=\"off\"\n      ></textarea>\n  </div>\n  <p class=\"char-counter\" data-input=\"INPUT NAME\">\n      <span class=\"min-counter body2\" data-val=\"50\" aria-hidden=\"false\">more characters required</span>\n      <span class=\"max-counter body2\" data-val=\"200\" aria-hidden=\"true\">Characters Remaining</span>\n  </p>\n</div>"
		]
	},
	"details": {
		"prefix": "details",
		"body": [
			"<details aria-label=\"DETAILS DESCRIPTION\" class=\"mt-2\">\n      <summary>\n          <span class=\"h6 fw-regular\">$0</span>\n          <svg class=\"details\" focusable=\"false\" aria-hidden=\"true\" viewBox=\"0 0 24 24\">\n          <path d=\"M7.41 8.59 12 13.17l4.59-4.58L18 10l-6 6-6-6 1.41-1.41z\">\n          </path>\n          </svg>\n      </summary>\n      <div class=\"accordion-content\" aria-hidden=\"true\">\n         DETAILS TEXT\n      </div>\n  </details>"
		]
	},
	"script": {
		"prefix": "script",
		"body": [
			"<script nonce=\"<%=locals.jsNonce||'includeJsNonce'%>\">\n\n</script>"
		]
	},
	"Radio Input": {
		"prefix": "radio",
		"body": [
			"<label class=\"radio\">\n<input type=\"radio\" id=\"INPUT_NAME\" name=\"INPUT_NAME\" value=\"INPUT_VALUE\" class=\"secondary ENTER_CLASS\">\nINPUT TEXT\n</label>"
		]
	},
	"Checkbox Input": {
		"prefix": "checkbox",
		"body": [
			"<label class=\"checkbox\">\n<input type=\"checkbox\" class=\"primary\" name=\"INPUT_NAME\" id=\"INPUT_NAME\">\nINPUT TEXT\n</label>"
		]
	},
	"Chip Input": {
		"prefix": "chip",
		"body": [
			"<label class=\"chip\">\n<input type=\"checkbox\" class=\"chip\" id=\"INPUT_NAME\" name=\"INPUT_NAME\" checked>\nINPUT TEXT\n<svg focusable=\"false\" viewBox=\"0 0 24 24\" aria-hidden=\"true\">\n<path d=\"M12 2C6.47 2 2 6.47 2 12s4.47 10 10 10 10-4.47 10-10S17.53 2 12 2zm5 13.59L15.59 17 12 13.41 8.41 17 7 15.59 10.59 12 7 8.41 8.41 7 12 10.59 15.59 7 17 8.41 13.41 12 17 15.59z\">\n</path>\n</svg>\n</label>"
		]
	},
	"Indicator 1": {
		"prefix": "indicator-1",
		"body": [
			"<div class=\"flex-row justify-center t-primary htmx-indicator\" role=\"progressbar\" aria-busy=\"false\" aria-label=\"INDEICATOR LABEL\">\n  <div class=\"lds-ring\"><div></div><div></div><div></div><div></div></div>\n</div>"
		]
	},
	"Indicator 2": {
		"prefix": "indicator-2",
		"body": [
"<div class=\"flex-row justify-center t-primary htmx-indicator\" role=\"progressbar\" aria-busy=\"false\" aria-label=\"INDEICATOR LABEL\">\n<div class=\"lds-dual-ring\"></div>\n</div>"
		]
	},
	"Indicator 3": {
		"prefix": "indicator-3",
		"body": [
"<div class=\"flex-row justify-center t-primary htmx-indicator\" role=\"progressbar\" aria-busy=\"false\" aria-label=\"INDEICATOR LABEL\">\n<div class=\"lds-facebook\"><div></div><div></div><div></div></div>\n</div>"
		]
	},
	"Image": {
		"prefix": "img",
		"body": [
"<img src=\"IMG_SRC\" alt=\"IMG_ALT\" style=\"\" data-text=\"MORE IMAGE TEXT\" />"
		]
	},
	"Audio": {
		"prefix": "audio",
		"body": [
"<div class=\"audio mt-3\" data-audio-wrapper>\n  <audio controls src=\"IMAGE SOURCE\" hidden data-resume=\"false\" data-play-through=\"true\">\n  </audio>\n  <div class=\"audio-header\">\n    <p class=\"audio-title\" style=\"padding-left: 8px;\">AUDIO TEXT</p>\n    <div class=\"audio-time-left\">\n      <span data-ellapsed=\"\">0:00</span>\n      /\n      <span data-remaining=\"\">0:00</span>\n    </div>\n  </div>\n  <p data-error-text class=\"caption w-100 t-error\" hidden>There was an error loading this audio file. Try reloading the page.</p>\n  <p data-warn-text class=\"caption w-100 t-warning\" hidden>There was an error loading the rest of the audio file. Try reloading the page.</p>\n  <div class=\"flex-row justify-start align-center\">\n    <div class=\"flex-row align-center justify-center grow-0\" data-main-controls>\n      <button data-play data-type=\"audio\" aria-hidden=\"true\" class=\"icon large\" type=\"button\" aria-label=\"Play Audio\">\n        <svg focusable=\"false\" aria-hidden=\"true\" viewBox=\"0 0 24 24\"><path d=\"M8 5v14l11-7L8 5z\"></path></svg>\n      </button>\n      <button data-pause data-type=\"audio\" hidden aria-hidden=\"true\" class=\"icon large\" type=\"button\" aria-label=\"Pause Audio\">\n        <svg focusable=\"false\" aria-hidden=\"true\" viewBox=\"0 0 24 24\" tabindex=\"-1\" title=\"Pause\"><path d=\"M6 19h4V5H6v14zm8-14v14h4V5h-4z\"></path></svg>                  \n      </button>\n      <button data-replay data-type=\"audio\" hidden aria-hidden=\"true\" class=\"icon large\" type=\"button\" aria-label=\"Replay Audio\">\n        <svg focusable=\"false\" aria-hidden=\"true\" viewBox=\"0 0 24 24\" tabindex=\"-1\" title=\"Replay\"><path d=\"M12 5V1L7 6l5 5V7c3.31 0 6 2.69 6 6s-2.69 6-6 6-6-2.69-6-6H4c0 4.42 3.58 8 8 8s8-3.58 8-8-3.58-8-8-8z\"></path></svg>                  \n      </button>\n      <div data-load data-type=\"audio\" hidden class=\"t-tsecondary\">\n        <div class=\"lds-ring\"><div></div><div></div><div></div><div></div></div>\n      </div>\n      <svg data-error hidden class=\"h6 t-error p-md\" focusable=\"false\" aria-hidden=\"true\" viewBox=\"0 0 24 24\" tabindex=\"-1\" title=\"Report\">\n        <path d=\"M15.73 3H8.27L3 8.27v7.46L8.27 21h7.46L21 15.73V8.27L15.73 3zM12 17.3c-.72 0-1.3-.58-1.3-1.3 0-.72.58-1.3 1.3-1.3.72 0 1.3.58 1.3 1.3 0 .72-.58 1.3-1.3 1.3zm1-4.3h-2V7h2v6z\">\n        </path>\n      </svg>\n    </div>\n    <input data-time data-type=\"audio\" id=\"audio_RANDOM-ID-1\" name=\"audio_RANDOM-ID-1\" type=\"range\" value=\"0\" min=\"0\" max=\"29\" data-time-set=\"true\" step=\"1\" style=\"background-size: 0% 100%;\">\n    <output hidden for=\"audio_RANDOM-ID-1\">0</output>\n  </div>\n  <div class=\"flex-row align-center justify-start\" style=\"max-width: 100%;\">\n    <div class=\"mr-1\" data-popover data-mouse data-pelem=\"#audio_mute_tool_RANDOM-ID-10\" aria-describedby=\"audio_mute_tool_RANDOM-ID-10\">\n      <button data-mute-button data-type=\"audio\" class=\"icon medium\" aria-label=\"Mute / Unmute Audio\" title=\"Mute / Unmute Audio\" type=\"button\">\n        <svg data-type=\"sound-up\" focusable=\"false\" aria-hidden=\"true\" viewBox=\"0 0 24 24\" tabindex=\"-1\" title=\"VolumeUp\"><path d=\"M3 9v6h4l5 5V4L7 9H3zm13.5 3c0-1.77-1.02-3.29-2.5-4.03v8.05c1.48-.73 2.5-2.25 2.5-4.02zM14 3.23v2.06c2.89.86 5 3.54 5 6.71s-2.11 5.85-5 6.71v2.06c4.01-.91 7-4.49 7-8.77s-2.99-7.86-7-8.77z\"></path></svg>\n        <svg hidden data-type=\"sound-down\" focusable=\"false\" aria-hidden=\"true\" viewBox=\"0 0 24 24\" tabindex=\"-1\" title=\"VolumeDown\"><path d=\"M18.5 12c0-1.77-1.02-3.29-2.5-4.03v8.05c1.48-.73 2.5-2.25 2.5-4.02zM5 9v6h4l5 5V4L9 9H5z\"></path></svg>\n        <svg hidden data-type=\"muted\" focusable=\"false\" aria-hidden=\"true\" viewBox=\"0 0 24 24\" tabindex=\"-1\" title=\"VolumeOff\"><path d=\"M16.5 12c0-1.77-1.02-3.29-2.5-4.03v2.21l2.45 2.45c.03-.2.05-.41.05-.63zm2.5 0c0 .94-.2 1.82-.54 2.64l1.51 1.51C20.63 14.91 21 13.5 21 12c0-4.28-2.99-7.86-7-8.77v2.06c2.89.86 5 3.54 5 6.71zM4.27 3 3 4.27 7.73 9H3v6h4l5 5v-6.73l4.25 4.25c-.67.52-1.42.93-2.25 1.18v2.06c1.38-.31 2.63-.95 3.69-1.81L19.73 21 21 19.73l-9-9L4.27 3zM12 4 9.91 6.09 12 8.18V4z\"></path></svg>\n      </button>\n    </div>\n    <input data-sound data-type=\"audio\" type=\"range\" value=\"100\" min=\"0\" max=\"100\" class=\"small primary\" id=\"audio_sound_RANDOM-ID-4\" name=\"audio_sound_RANDOM-ID-4\" style=\"background-size: 100% 100%;\">\n    <output hidden for=\"audio_sound_RANDOM-ID-4\">100</output>\n    <div class=\"ml-1\" data-popover data-mouse data-pelem=\"#audio_sound_tool_RANDOM-ID-2\" aria-describedby=\"audio_sound_tool_RANDOM-ID-2\">\n      <div class=\"select ml-1\" aria-label=\"Sound Playback Speed Select\">\n        <button class=\"icon medium ml-1 select auto-w\" aria-label=\"Playback Speed\" title=\"Playback Speed\" data-popover data-click data-pelem=\"#audio_sound_playback_RANDOM-ID-3\" aria-controls=\"audio_sound_playback_RANDOM-ID-3\" aria-haspopup=\"listbox\" aria-expanded=\"false\" role=\"combobox\" type=\"button\">\n          <svg focusable=\"false\" aria-hidden=\"true\" viewBox=\"0 0 24 24\" tabindex=\"-1\" title=\"Speed\"><path d=\"m20.38 8.57-1.23 1.85a8 8 0 0 1-.22 7.58H5.07A8 8 0 0 1 15.58 6.85l1.85-1.23A10 10 0 0 0 3.35 19a2 2 0 0 0 1.72 1h13.85a2 2 0 0 0 1.74-1 10 10 0 0 0-.27-10.44zm-9.79 6.84a2 2 0 0 0 2.83 0l5.66-8.49-8.49 5.66a2 2 0 0 0 0 2.83z\"></path></svg>\n        </button>\n        <div tabindex=\"0\" id=\"audio_sound_playback_RANDOM-ID-3\" role=\"listbox\" class=\"select-menu o-sm\" style=\"width: 50px;\" data-placement=\"bottom\">\n          <input data-playback data-type=\"audio\" type=\"text\" hidden value=\"1\" name=\"audio_playback_RANDOM-ID-101\" id=\"audio_playback_RANDOM-ID-101\">\n          <button tabindex=\"-1\" class=\"select-option body2\" role=\"option\" aria-selected=\"false\" data-val=\"0.25\" type=\"button\">\n            0.25\n          </button>\n          <button tabindex=\"-1\" class=\"select-option body2\" role=\"option\" aria-selected=\"false\" data-val=\"0.5\" type=\"button\">\n            0.5\n          </button>\n          <button tabindex=\"-1\" class=\"select-option body2\" role=\"option\" aria-selected=\"false\" data-val=\"0.75\" type=\"button\">\n            0.75\n          </button>\n          <button tabindex=\"-1\" class=\"select-option body2\" role=\"option\" aria-selected=\"true\" data-val=\"1\" type=\"button\">\n            1\n          </button>\n          <button tabindex=\"-1\" class=\"select-option body2\" role=\"option\" aria-selected=\"false\" data-val=\"1.25\" type=\"button\">\n            1.25\n          </button>\n          <button tabindex=\"-1\" class=\"select-option body2\" role=\"option\" aria-selected=\"false\" data-val=\"1.5\" type=\"button\">\n            1.5\n          </button>\n          <button tabindex=\"-1\" class=\"select-option body2\" role=\"option\" aria-selected=\"false\" data-val=\"1.75\" type=\"button\">\n            1.75\n          </button>\n          <button tabindex=\"-1\" class=\"select-option body2\" role=\"option\" aria-selected=\"false\" data-val=\"2\" type=\"button\">\n            2\n          </button>\n        </div>\n\n      </div>\n    </div>\n    <div data-placement=\"top\" class=\"tooltip caption\" id=\"audio_sound_tool_RANDOM-ID-2\" role=\"tooltip\"> \n      Playback Speed\n    </div>\n    <div data-placement=\"top\" class=\"tooltip caption\" id=\"audio_mute_tool_RANDOM-ID-10\" role=\"tooltip\">\n      Mute / Unmute Audio\n    </div>\n  </div>\n</div>"
		]
	},
	"Video": {
		"prefix": "video",
		"body": [
"<div class=\"video-wrapper\" data-video-wrapper>\n  <div class=\"video mt-3\" data-fullscreen=\"false\" data-focus=\"false\" data-hover=\"false\">\n    <video src=\"VIDEO SOURCE\" data-play-through=\"true\"></video>\n    <div class=\"video-controls\">\n      <div class=\"block\">\n        <input data-time data-type=\"video\" type=\"range\" id=\"video_time_RANDOM-ID-1\" name=\"video_time_RANDOM-ID-1\" class=\"video small primary\" min=\"0\" value=\"0\" max=\"422\" data-time-set=\"true\" step=\"1\" style=\"background-size: 0% 100%;\">\n      </div>\n      <div class=\"flex-row justify-begin align-center\" data-row-2>\n        <div class=\"flex-row align-center justify-center grow-0\" data-main-controls>\n          <button data-play data-type=\"video\" aria-hidden=\"true\" class=\"icon large\" type=\"button\" aria-label=\"Play Audio\">\n            <svg focusable=\"false\" aria-hidden=\"true\" viewBox=\"0 0 24 24\"><path d=\"M8 5v14l11-7L8 5z\"></path></svg>\n          </button>\n          <button data-pause data-type=\"video\" hidden aria-hidden=\"true\" class=\"icon large\" type=\"button\" aria-label=\"Pause Audio\">\n            <svg focusable=\"false\" aria-hidden=\"true\" viewBox=\"0 0 24 24\" tabindex=\"-1\" title=\"Pause\"><path d=\"M6 19h4V5H6v14zm8-14v14h4V5h-4z\"></path></svg>                  \n          </button>\n          <button data-replay data-type=\"video\" hidden aria-hidden=\"true\" class=\"icon large\" type=\"button\" aria-label=\"Replay Audio\">\n            <svg focusable=\"false\" aria-hidden=\"true\" viewBox=\"0 0 24 24\" tabindex=\"-1\" title=\"Replay\"><path d=\"M12 5V1L7 6l5 5V7c3.31 0 6 2.69 6 6s-2.69 6-6 6-6-2.69-6-6H4c0 4.42 3.58 8 8 8s8-3.58 8-8-3.58-8-8-8z\"></path></svg>                  \n          </button>\n          <div data-load data-type=\"video\" hidden class=\"t-tsecondary\">\n            <div class=\"lds-ring\"><div></div><div></div><div></div><div></div></div>\n          </div>\n          <svg data-error data-type=\"video\" hidden class=\"h6 t-error p-md\" focusable=\"false\" aria-hidden=\"true\" viewBox=\"0 0 24 24\" tabindex=\"-1\" title=\"Report\"><path d=\"M15.73 3H8.27L3 8.27v7.46L8.27 21h7.46L21 15.73V8.27L15.73 3zM12 17.3c-.72 0-1.3-.58-1.3-1.3 0-.72.58-1.3 1.3-1.3.72 0 1.3.58 1.3 1.3 0 .72-.58 1.3-1.3 1.3zm1-4.3h-2V7h2v6z\"></path></svg>\n        </div>\n        <div class=\"mr-1\" data-popover data-mouse data-pelem=\"#video_mute_tool_RANDOM-ID-2\" aria-describedby=\"video_mute_tool_RANDOM-ID-2\">\n          <button data-mute-button data-type=\"video\" class=\"icon medium\" aria-label=\"Mute / Unmute Audio\" title=\"Mute / Unmute Audio\" type=\"button\">\n            <svg data-type=\"sound-up\" focusable=\"false\" aria-hidden=\"true\" viewBox=\"0 0 24 24\" tabindex=\"-1\" title=\"VolumeUp\"><path d=\"M3 9v6h4l5 5V4L7 9H3zm13.5 3c0-1.77-1.02-3.29-2.5-4.03v8.05c1.48-.73 2.5-2.25 2.5-4.02zM14 3.23v2.06c2.89.86 5 3.54 5 6.71s-2.11 5.85-5 6.71v2.06c4.01-.91 7-4.49 7-8.77s-2.99-7.86-7-8.77z\"></path></svg>\n            <svg hidden data-type=\"sound-down\" focusable=\"false\" aria-hidden=\"true\" viewBox=\"0 0 24 24\" tabindex=\"-1\" title=\"VolumeDown\"><path d=\"M18.5 12c0-1.77-1.02-3.29-2.5-4.03v8.05c1.48-.73 2.5-2.25 2.5-4.02zM5 9v6h4l5 5V4L9 9H5z\"></path></svg>\n            <svg hidden data-type=\"muted\" focusable=\"false\" aria-hidden=\"true\" viewBox=\"0 0 24 24\" tabindex=\"-1\" title=\"VolumeOff\"><path d=\"M16.5 12c0-1.77-1.02-3.29-2.5-4.03v2.21l2.45 2.45c.03-.2.05-.41.05-.63zm2.5 0c0 .94-.2 1.82-.54 2.64l1.51 1.51C20.63 14.91 21 13.5 21 12c0-4.28-2.99-7.86-7-8.77v2.06c2.89.86 5 3.54 5 6.71zM4.27 3 3 4.27 7.73 9H3v6h4l5 5v-6.73l4.25 4.25c-.67.52-1.42.93-2.25 1.18v2.06c1.38-.31 2.63-.95 3.69-1.81L19.73 21 21 19.73l-9-9L4.27 3zM12 4 9.91 6.09 12 8.18V4z\"></path></svg>\n          </button>\n        </div>\n        <input class=\"small secondary\" data-sound data-type=\"video\" id=\"video_RANDOM-ID-3\" name=\"video_RANDOM-ID-3\" type=\"range\" value=\"100\" min=\"0\" max=\"100\" step=\"1\" style=\"background-size: 100% 100%;\">\n        <output for=\"video_RANDOM-ID-3\" hidden>100</output>\n        <div class=\"video-time-left\">\n          <span data-ellapsed>0:00</span>\n          /\n          <span data-remaining>7:02</span>\n        </div>\n        <div>\n          <div class=\"select ml-1\" aria-label=\"Sound Playback Speed Select\">\n            <button class=\"icon medium select auto-w\" aria-label=\"Playback Speed\" title=\"Playback Speed\" data-popover data-click data-pelem=\"#video_sound_playback_RANDOM-ID-4\" aria-controls=\"video_sound_playback_RANDOM-ID-4\" aria-haspopup=\"listbox\" aria-expanded=\"false\" role=\"combobox\" type=\"button\">\n              <svg focusable=\"false\" aria-hidden=\"true\" viewBox=\"0 0 24 24\" tabindex=\"-1\" title=\"Speed\"><path d=\"m20.38 8.57-1.23 1.85a8 8 0 0 1-.22 7.58H5.07A8 8 0 0 1 15.58 6.85l1.85-1.23A10 10 0 0 0 3.35 19a2 2 0 0 0 1.72 1h13.85a2 2 0 0 0 1.74-1 10 10 0 0 0-.27-10.44zm-9.79 6.84a2 2 0 0 0 2.83 0l5.66-8.49-8.49 5.66a2 2 0 0 0 0 2.83z\"></path></svg>\n            </button>\n            <div tabindex=\"0\" id=\"video_sound_playback_RANDOM-ID-4\" role=\"listbox\" class=\"select-menu o-sm\" style=\"width: 50px;\" data-placement=\"top\">\n              <input data-playback data-type=\"video\" type=\"text\" hidden value=\"1\" name=\"video_playback_RANDOM-ID-5\" id=\"video_playback_RANDOM-ID-5\">\n              <button tabindex=\"-1\" class=\"select-option body2\" role=\"option\" aria-selected=\"false\" data-val=\"0.25\" type=\"button\">\n                0.25\n              </button>\n              <button tabindex=\"-1\" class=\"select-option body2\" role=\"option\" aria-selected=\"false\" data-val=\"0.5\" type=\"button\">\n                0.5\n              </button>\n              <button tabindex=\"-1\" class=\"select-option body2\" role=\"option\" aria-selected=\"false\" data-val=\"0.75\" type=\"button\">\n                0.75\n              </button>\n              <button tabindex=\"-1\" class=\"select-option body2\" role=\"option\" aria-selected=\"true\" data-val=\"1\" type=\"button\">\n                1\n              </button>\n              <button tabindex=\"-1\" class=\"select-option body2\" role=\"option\" aria-selected=\"false\" data-val=\"1.25\" type=\"button\">\n                1.25\n              </button>\n              <button tabindex=\"-1\" class=\"select-option body2\" role=\"option\" aria-selected=\"false\" data-val=\"1.5\" type=\"button\">\n                1.5\n              </button>\n              <button tabindex=\"-1\" class=\"select-option body2\" role=\"option\" aria-selected=\"false\" data-val=\"1.75\" type=\"button\">\n                1.75\n              </button>\n              <button tabindex=\"-1\" class=\"select-option body2\" role=\"option\" aria-selected=\"false\" data-val=\"2\" type=\"button\">\n                2\n              </button>\n            </div>\n            <div data-placement=\"top\" class=\"tooltip caption\" id=\"video_mute_tool_RANDOM-ID-2\" role=\"tooltip\">\n              Mute / Unmute Audio\n            </div>\n          </div>\n        </div>\n        <button class=\"icon medium\" data-fullscreen type=\"button\">\n          <svg data-type=\"fullscreen\" focusable=\"false\" aria-hidden=\"true\" viewBox=\"0 0 24 24\" tabindex=\"-1\" title=\"FullscreenSharp\"><path d=\"M7 14H5v5h5v-2H7v-3zm-2-4h2V7h3V5H5v5zm12 7h-3v2h5v-5h-2v3zM14 5v2h3v3h2V5h-5z\"></path></svg>\n          <svg data-type=\"no-fullscreen\" hidden focusable=\"false\" aria-hidden=\"true\" viewBox=\"0 0 24 24\" tabindex=\"-1\" title=\"FullscreenExit\"><path d=\"M5 16h3v3h2v-5H5v2zm3-8H5v2h5V5H8v3zm6 11h2v-3h3v-2h-5v5zm2-11V5h-2v5h5V8h-3z\"></path></svg>\n        </button>\n      </div>\n    </div>\n  </div>\n  <div class=\"video-info\">\n    <p class=\"fw-regular body1\">\n      VIDEO TITLE\n    </p>\n    <p class=\"caption\">\n      VIDEO DESCRIPTION\n    </p>\n  </div>\n</div>"
		]
	},
	"Range Input": {
		"prefix": "input[type=\"range\"]",
		"body": [
"<label for=\"INDPUT_NAME\" class=\"mt-2\">INDPUT LABEL:</label>\n<input name=\"INPUT_NAME\" class=\"mt-4\" id=\"INPUT_NAME\" type=\"range\" min=\"0\" max=\"100\" value=\"50\" step=\"1\" style=\"background-size: 50% 100%;\">\n<output class=\"hidden\" for=\"INPUT_NAME\" hidden>50</output>"
		]
	},
	"File input": {
		"prefix": "input[type=\"file\"]",
		"body": [
"<input type=\"file\" accept=\"image/* ACCEPT TYPE\" id=\"INPUT_NAME\" name=\"INPUT_NAME\" hx-encoding=\"multipart/form-data\" />"
		]
	},
	"Dialog": {
		"prefix": "dialog",
		"body": [
"<dialog id=\"DIALOG_ID\" data-close-backdrop data-esc>\n  <div class=\"dialog large\" data-click-capture>\n    <div class=\"dialog-header\">\n      <p class=\"grow-1 flex-row h6 bold\">DIALOG TITLE</p>\n      \n        <kbd class=\"inline\" data-pelem=\"#close-dialog-esc-RANDOM-ID-1\" aria-describedby=\"close-dialog-esc-RANDOM-ID-1\" data-mouse data-popover>ESC</kbd>\n        <div id=\"close-dialog-esc-RANDOM-ID-1\" role=\"tooltip\" class=\"tooltip body2\" data-placement=\"bottom\">\n          Press the Escape key to Close the Dialog\n        </div>\n      \n      <button class=\"icon medium close-dialog\" type=\"button\" aria-label=\"Close Dialog\">\n        <svg focusable=\"false\" aria-hidden=\"true\" viewBox=\"0 0 24 24\" tabindex=\"-1\" title=\"Close\"><path d=\"M19 6.41 17.59 5 12 10.59 6.41 5 5 6.41 10.59 12 5 17.59 6.41 19 12 13.41 17.59 19 19 17.59 13.41 12z\"></path></svg>\n      </button>\n    </div>\n    <div class=\"dialog-body\">\n\n    </div>\n    <div class=\"dialog-footer\" role=\"toolbar\">\n      <button class=\"filled error small close-dialog\" type=\"button\" aria-label=\"Close Dialog\">\n        CLOSE DIALOG\n      </button>\n    </div>\n  </div>\n</dialog>"
		]
	},
	"Select Input": {
		"prefix": "select",
		"body": [
"<div class=\"body1 bold\" id=\"SELECT_LAEBEL_ID\">SELECT LABEL:</div>\n<div class=\"mt-1 flex-row justify-center\">\n  <div class=\"select\">\n    <button type=\"button\" role=\"combobox\" aria-haspopup=\"listbox\" aria-controls=\"SELECT_DROPDOWN_ID\" aria-labelledby=\"SELECT_LAEBEL_ID\" class=\"select\" aria-label=\"SELECT ARIA_LABEL\" data-popover data-pelem=\"#SELECT_DROPDOWN_ID\" data-click aria-expanded=\"false\">\n      <span class=\"body1\">DEFAULT OPTION TEXT</span>\n      <svg focusable=\"false\" aria-hidden=\"true\" viewBox=\"0 0 24 24\" tabindex=\"-1\" title=\"ArrowDropDown\"><path d=\"m7 10 5 5 5-5z\"></path></svg>\n    </button>\n    <div tabindex=\"0\" id=\"SELECT_DROPDOWN_ID\" role=\"listbox\" class=\"select-menu o-xs\" data-placement=\"bottom\">\n      <input type=\"text\" hidden value=\"option-1\" name=\"SELECT_INPUT_ID\" id=\"SELECT_INPUT_ID\">\n      <button type=\"button\" tabindex=\"-1\" class=\"select-option\" role=\"option\" aria-selected=\"true\" data-val=\"OPTION 1 VALUE\">\n        OPTION 1\n      </button>\n      <button type=\"button\" tabindex=\"-1\" class=\"select-option\" role=\"option\" aria-selected=\"false\" data-val=\"OPTION 2 VALUE\">\n        OPTION 2\n      </button>\n    </div>\n  </div>\n</div>"
		]
	},
	"Table": {
		"prefix": "table",
		"body": [
"<table cellspacing=\"0\">\n  <thead>\n    <tr>\n      <th scope=\"col\">Activities</th>\n      <th scope=\"col\">Monday</th>\n      <th scope=\"col\">Tuesday</th>\n      <th scope=\"col\">Wednesday</th>\n      <th scope=\"col\">Thursday</th>\n      <th scope=\"col\">Friday</th>\n      <th scope=\"col\">Saturday</th>\n      <th scope=\"col\">Sunday</th>\n    </tr>\n  </thead>\n  <tbody>\n    <tr>\n      <th scope=\"row\">Wake Up:</th>\n      <td>800</td>\n      <td>600</td>\n      <td>900</td>\n      <td>800</td>\n      <td>700</td>\n      <td>700</td>\n      <td>900</td>\n    </tr>\n    <tr>\n      <th scope=\"row\">Class:</th>\n      <td>Math</td>\n      <td>Science</td>\n      <td>English</td>\n      <td>Math</td>\n      <td>Science</td>\n      <td>History</td>\n      <td>N/A</td>\n    </tr>\n    <tr>\n      <th scope=\"row\">Bed:</th>\n      <td>2200</td>\n      <td>2200</td>\n      <td>2200</td>\n      <td>2200</td>\n      <td>2200</td>\n      <td>2400</td>\n      <td>2400</td>\n    </tr>\n  </tbody>\n</table>"
		]
	},
	"Tab": {
		"prefix": "tab",
		"body": [
"<div class=\"tabs mt-2\">\n  <ul class=\"tabs\" role=\"tablist\">\n    <li role=\"presentation\">\n      <button id=\"TAB_1_BUTTON_ID\" class=\"tab-button secondary\" role=\"tab\" type=\"button\" aria-selected=\"true\" data-tab=\"0\" tabindex=\"-1\">Tab 1</button>\n    </li>\n    <li role=\"presentation\">\n      <button id=\"TAB_2_BUTTON_ID\" class=\"tab-button t-secondary\" role=\"tab\" type=\"button\" aria-selected=\"false\" data-tab=\"1\" tabindex=\"-1\">Tab 2</button>\n    </li>\n    <li role=\"presentation\">\n      <button id=\"TAB_3_BUTTON_ID\" class=\"tab-button t-secondary\" role=\"tab\" type=\"button\" aria-selected=\"false\" data-tab=\"2\" tabindex=\"-1\">Tab 3</button>\n    </li>\n    <li role=\"presentation\">\n      <button id=\"TAB_4_BUTTON_ID\" class=\"tab-button t-secondary\" role=\"tab\" type=\"button\" aria-selected=\"false\" data-tab=\"3\" tabindex=\"-1\">Tab 4</button>\n    </li>\n    <li role=\"presentation\">\n      <button id=\"TAB_5_BUTTON_ID\" class=\"tab-button t-secondary\" role=\"tab\" type=\"button\" aria-selected=\"false\" data-tab=\"4\" tabindex=\"-1\">Tab 5</button>\n    </li>\n  </ul>\n</div>\n<div class=\"tab-panels\">\n  <div aria-labelledby=\"TAB_1_BUTTON_ID\" role=\"tabpanel\" class=\"PANEL CLASS\" tabindex=\"0\">\n    Here is the first tab panel. \n  </div>\n  <div aria-labelledby=\"TAB_2_BUTTON_ID\" role=\"tabpanel\" class=\"PANEL CLASS\" tabindex=\"0\" hidden>\n    Here is the second tab panel.\n  </div>\n  <div aria-labelledby=\"TAB_3_BUTTON_ID\" role=\"tabpanel\" class=\"PANEL CLASS\" tabindex=\"0\" hidden>\n    Here is the third tab panel.\n  </div>\n  <div aria-labelledby=\"TAB_4_BUTTON_ID\" role=\"tabpanel\" class=\"PANEL CLASS\" tabindex=\"0\" hidden>\n    Here is the fourth tab panel.\n  </div>\n  <div aria-labelledby=\"TAB_5_BUTTON_ID\" role=\"tabpanel\" class=\"PANEL CLASS\" tabindex=\"0\" hidden>\n    Here is the fifth tab panel.\n  </div>\n</div>"
		]
	},
	"Stepper": {
		"prefix": "stepper",
		"body":[
			"<div class=\"tabs mt-2\">\n  <ul class=\"tabs\" role=\"tablist\">\n    <li role=\"presentation\">\n      <button id=\"TAB_1_BUTTON_ID\" class=\"icon filled tiny secondary\" role=\"tab\" type=\"button\" aria-selected=\"true\" data-tab=\"0\" tabindex=\"-1\">Tab 1</button>\n    </li>\n    <li role=\"presentation\">\n      <button id=\"TAB_2_BUTTON_ID\" class=\"icon filled tiny t-secondary\" role=\"tab\" type=\"button\" aria-selected=\"false\" data-tab=\"1\" tabindex=\"-1\">Tab 2</button>\n    </li>\n    <li role=\"presentation\">\n      <button id=\"TAB_3_BUTTON_ID\" class=\"icon filled tiny t-secondary\" role=\"tab\" type=\"button\" aria-selected=\"false\" data-tab=\"2\" tabindex=\"-1\">Tab 3</button>\n    </li>\n    <li role=\"presentation\">\n      <button id=\"TAB_4_BUTTON_ID\" class=\"icon filled tiny t-secondary\" role=\"tab\" type=\"button\" aria-selected=\"false\" data-tab=\"3\" tabindex=\"-1\">Tab 4</button>\n    </li>\n    <li role=\"presentation\">\n      <button id=\"TAB_5_BUTTON_ID\" class=\"icon filled tiny t-secondary\" role=\"tab\" type=\"button\" aria-selected=\"false\" data-tab=\"4\" tabindex=\"-1\">Tab 5</button>\n    </li>\n  </ul>\n</div>\n<div class=\"tab-panels\">\n  <div aria-labelledby=\"TAB_1_BUTTON_ID\" role=\"tabpanel\" class=\"PANEL CLASS\" tabindex=\"0\">\n    Here is the first tab panel. \n  </div>\n  <div aria-labelledby=\"TAB_2_BUTTON_ID\" role=\"tabpanel\" class=\"PANEL CLASS\" tabindex=\"0\" hidden>\n    Here is the second tab panel.\n  </div>\n  <div aria-labelledby=\"TAB_3_BUTTON_ID\" role=\"tabpanel\" class=\"PANEL CLASS\" tabindex=\"0\" hidden>\n    Here is the third tab panel.\n  </div>\n  <div aria-labelledby=\"TAB_4_BUTTON_ID\" role=\"tabpanel\" class=\"PANEL CLASS\" tabindex=\"0\" hidden>\n    Here is the fourth tab panel.\n  </div>\n  <div aria-labelledby=\"TAB_5_BUTTON_ID\" role=\"tabpanel\" class=\"PANEL CLASS\" tabindex=\"0\" hidden>\n    Here is the fifth tab panel.\n  </div>\n</div>"
		]
	},
	"Text Input": {
		"prefix": "input[type=\"text\"]",
		"body": [
"<div class=\"input-group block\" data-hover=\"false\" data-focus=\"false\" data-error=\"false\" data-blurred=\"true\">\n  <label for=\"INPUT_ID\">INPUT LABEL:</label>\n  <div class=\"text-input block medium\">\n      <input \n      type=\"text\" \n      autocomplete=\"AUTOCOMPLETE\" \n      name=\"INPUT_ID\" \n      id=\"INPUT_ID\" \n      class=\"medium icon-before mt-1\" \n      required=\"ENTER REQUIRED\"\n      placeholder=\"INPUT PLACEHOLDER\" \n      maxlength=\"INPUT MAXLENGTH\"\n      minlength=\"INPUT MINLENGTH\" \n      pattern=\"INPUT_PATTERN\" \n      spellcheck=\"false\" \n      autocapitalize=\"off\"\n      >\n      <svg class=\"icon-before\" focusable=\"false\" aria-hidden=\"true\" viewBox=\"0 0 24 24\" tabindex=\"-1\" title=\"AccountCircleSharp\">\n          <path d=\"M12 2C6.48 2 2 6.48 2 12s4.48 10 10 10 10-4.48 10-10S17.52 2 12 2zm0 4c1.93 0 3.5 1.57 3.5 3.5S13.93 13 12 13s-3.5-1.57-3.5-3.5S10.07 6 12 6zm0 14c-2.03 0-4.43-.82-6.14-2.88C7.55 15.8 9.68 15 12 15s4.45.8 6.14 2.12C16.43 19.18 14.03 20 12 20z\">\n          </path>\n      </svg>\n      <!-- Buttons and SVGs -->\n  </div>\n</div>"
		]
	},
	"Password Input": {
		"prefix": "input[type=\"password\"]",
		"body": [
"<div class=\"input-group block\" data-hover=\"false\" data-focus=\"false\" data-error=\"false\" data-blurred=\"false\">\n  <label for=\"INPUT_NAME\">INPUT LABEL:</label>\n  <div class=\"text-input block medium\">\n      <input \n      name=\"INPUT_NAME\" \n      id=\"INPUT_NAME\" \n      class=\"mt-1 medium icon-after\" \n      placeholder=\"INPUT_PLACEHOLDER\" \n      autocomplete=\"INPUT_AUTOCOMPLETE\" \n      autocapitalize=\"off\" \n      spellcheck=\"false\" \n      type=\"password\" \n      required\n      pattern=\"INPUT_PATTERN\"\n      >\n      <button class=\"icon-after icon medium\" data-vis-switch type=\"button\" aria-label=\"Change Visibility\">\n          <svg focusable=\"false\" aria-hidden=\"true\" viewBox=\"0 0 24 24\">\n              <path d=\"M12 4C7 4 2.73 7.11 1 11.5 2.73 15.89 7 19 12 19s9.27-3.11 11-7.5C21.27 7.11 17 4 12 4zm0 12.5c-2.76 0-5-2.24-5-5s2.24-5 5-5 5 2.24 5 5-2.24 5-5 5zm0-8c-1.66 0-3 1.34-3 3s1.34 3 3 3 3-1.34 3-3-1.34-3-3-3z\">\n              </path>\n          </svg>\n          <svg hidden=\"\" focusable=\"false\" aria-hidden=\"true\" viewBox=\"0 0 24 24\">\n              <path d=\"M12 6.5c2.76 0 5 2.24 5 5 0 .51-.1 1-.24 1.46l3.06 3.06c1.39-1.23 2.49-2.77 3.18-4.53C21.27 7.11 17 4 12 4c-1.27 0-2.49.2-3.64.57l2.17 2.17c.47-.14.96-.24 1.47-.24zM3.42 2.45 2.01 3.87l2.68 2.68C3.06 7.83 1.77 9.53 1 11.5 2.73 15.89 7 19 12 19c1.52 0 2.97-.3 4.31-.82l3.43 3.43 1.41-1.41L3.42 2.45zM12 16.5c-2.76 0-5-2.24-5-5 0-.77.18-1.5.49-2.14l1.57 1.57c-.03.18-.06.37-.06.57 0 1.66 1.34 3 3 3 .2 0 .38-.03.57-.07L14.14 16c-.65.32-1.37.5-2.14.5zm2.97-5.33c-.15-1.4-1.25-2.49-2.64-2.64l2.64 2.64z\">\n              </path>\n          </svg>\n      </button>\n  </div>\n</div>"
		]
	},
	"URL Input": {
		"prefix": "input[type=\"url\"]",
		"body": [
"<div class=\"input-group block\" data-hover=\"false\" data-focus=\"false\" data-error=\"false\" data-blurred=\"true\">\n  <label for=\"INPUT_NAME\">INPUT LABEL:</label>\n  <div class=\"text-input block medium\">\n      <input\n      name=\"INPUT_NAME\"\n      id=\"INPUT_NAME\" \n      class=\"mt-1 \n      medium icon-before\" \n      placeholder=\"INPUT_PLACEHOLDER\" \n      autocomplete=\"off\" \n      autocapitalize=\"off\" \n      spellcheck=\"false\" \n      type=\"url\" \n      pattern=\"URL_PATTERN\"\n      >\n      <svg class=\"icon-before\" focusable=\"false\" aria-hidden=\"true\" viewBox=\"0 0 24 24\" tabindex=\"-1\" title=\"Link\">\n          <path d=\"M3.9 12c0-1.71 1.39-3.1 3.1-3.1h4V7H7c-2.76 0-5 2.24-5 5s2.24 5 5 5h4v-1.9H7c-1.71 0-3.1-1.39-3.1-3.1zM8 13h8v-2H8v2zm9-6h-4v1.9h4c1.71 0 3.1 1.39 3.1 3.1s-1.39 3.1-3.1 3.1h-4V17h4c2.76 0 5-2.24 5-5s-2.24-5-5-5z\">\n          </path>\n      </svg>\n  </div>\n</div>"
		]
	},
	"Search Input": {
		"prefix": "input[type=\"search\"]",
		"body": [
"<div class=\"input-group block w-100 mt-1\" data-hover=\"false\" data-focus=\"false\" data-error=\"false\" data-blurred=\"false\">\n  <label for=\"INPUT_NAME\">INPUT NAME:</label>\n  <div class=\"mt-1 text-input block medium\">\n    <input \n    type=\"search\" \n    class=\"icon-after\" \n    name=\"INPUT_NAME\" \n    id=\"INPUT_NAME\" \n    placeholder=\"INPUT PLACEHOLDER\" \n    >\n    <svg class=\"icon-after\" focusable=\"false\" aria-hidden=\"true\" viewBox=\"0 0 24 24\">\n      <path d=\"M15.5 14h-.79l-.28-.27C15.41 12.59 16 11.11 16 9.5 16 5.91 13.09 3 9.5 3S3 5.91 3 9.5 5.91 16 9.5 16c1.61 0 3.09-.59 4.23-1.57l.27.28v.79l5 4.99L20.49 19l-4.99-5zm-6 0C7.01 14 5 11.99 5 9.5S7.01 5 9.5 5 14 7.01 14 9.5 11.99 14 9.5 14z\">\n      </path>\n    </svg>\n  </div>\n</div>"
		]
	},
	"Number Input": {
		"prefix": "input[type=\"number\"]",
		"body": [
"<div class=\"input-group block mt-2\" data-hover=\"false\" data-focus=\"false\" data-error=\"false\" data-blurred=\"false\">\n  <label for=\"INPUT_NAME\">INPUT_LABEL:</label>\n  <div class=\"mt-1 number-input medium\">\n      <input \n      type=\"number\" \n      min=\"MIN_INPUT\" \n      max=\"100\" \n      value=\"DEFAULT_VALUE\" \n      name=\"INPUT_NAME\" \n      id=\"INPUT_NAME\" \n      placeholder=\"INPUT_PLACEHOLDER\" \n      autocomplete=\"off\" \n      spellcheck=\"false\" \n      autocapitalize=\"off\"\n      >\n      <button class=\"icon large\" data-increase aria-label=\"Increase Input\" type=\"button\">\n          <svg focusable=\"false\" aria-hidden=\"true\" viewBox=\"0 0 24 24\">\n              <path d=\"M7.41 15.41 12 10.83l4.59 4.58L18 14l-6-6-6 6 1.41 1.41z\">\n              </path>\n          </svg>\n      </button>\n      <button class=\"icon large\" data-decrease aria-label=\"Decrease Input\" type=\"button\">\n          <svg focusable=\"false\" aria-hidden=\"true\" viewBox=\"0 0 24 24\">\n              <path d=\"M7.41 8.59 12 13.17l4.59-4.58L18 10l-6 6-6-6 1.41-1.41z\">\n              </path>\n          </svg>\n      </button>\n  </div>\n</div>"
		]
	},
	"Time": {
		"prefix": "time",
		"body": [
"<time data-date-short datetime=\"DATETIME ATTRIBUTE\">\n  <svg focusable=\"false\" aria-hidden=\"true\" viewBox=\"0 0 24 24\" tabindex=\"-1\" title=\"CalendarToday\">\n    <path d=\"M20 3h-1V1h-2v2H7V1H5v2H4c-1.1 0-2 .9-2 2v16c0 1.1.9 2 2 2h16c1.1 0 2-.9 2-2V5c0-1.1-.9-2-2-2zm0 18H4V8h16v13z\">\n    </path>\n  </svg>\n  <span>DATE TEXT</span>\n</time>"
		]
	},
	"Color Input": {
		"prefix": "input[type=\"color\"]",
		"body": [
			"<label class=\"body2\" for=\"$0\">INPUT_LABEL:</label>\n<div class=\"flex-row justify-begin align-center gap-2\">\n          <input type=\"color\" name=\"INPUT_NAME\" id=\"INPUT_NAME\" value=\"DEFAULT_VALUE\" style=\"margin-top: 2px;\">\n          <span class=\"body2\">DEFAULT_VALUE</span>\n</div>"
		]
	},
	"Reset Input": {
		"prefix": "input[type=\"reset\"]",
		"body": [
			"<input role=\"button\" value=\"RESET\"  type=\"reset\" aria-label=\"Reset Form\"></input>"
		]
	},
	"Snackbar": {
		"prefix": "snackbar",
		"body": [
			"<div id=\"ENTER_ID\" class=\"snackbar TYPE\" aria-hidden=\"true\" role=\"alert\" data-snacktime=\"4000\">\n  <svg focusable=\"false\" aria-hidden=\"true\" viewBox=\"0 0 24 24\" tabindex=\"-1\" title=\"Code\"><path d=\"M9.4 16.6 4.8 12l4.6-4.6L8 6l-6 6 6 6 1.4-1.4zm5.2 0 4.6-4.6-4.6-4.6L16 6l6 6-6 6-1.4-1.4z\"></path></svg>\n  <p class=\"p-sm\">TEXT</p>\n  <button class=\"icon medium\" type=\"button\" data-close-snackbar aria-label=\"Close Snackbar\">\n    <svg focusable=\"false\" aria-hidden=\"true\" viewBox=\"0 0 24 24\" tabindex=\"-1\" title=\"CloseSharp\"><path d=\"M19 6.41 17.59 5 12 10.59 6.41 5 5 6.41 10.59 12 5 17.59 6.41 19 12 13.41 17.59 19 19 17.59 13.41 12 19 6.41z\"></path></svg>\n  </button>\n</div>"
		]
	},
	"Submit Button": {
		"prefix": "button[type=\"submit\"]",
		"body": [
			"<button type=\"submit\" aria-label=\"Submit\" class=\"success filled icon-text medium\">\n          <svg focusable=\"false\" aria-hidden=\"true\" viewBox=\"0 0 24 24\" tabindex=\"-1\" title=\"Send\"><path d=\"M2.01 21 23 12 2.01 3 2 10l15 2-15 2z\"></path></svg>\n          SUBMIT CONTENT\n</button>"
		]
	},
	"Date Input": {
		"prefix": "input[type=\"date\"]",
		"body": [
			"<div class=\"input-group block\">\n <label for=\"example-date-input\">Date Input:</label>\n <div class=\"flex-row align-center gap-2 mt-1\">\n <button data-launch-datetime type=\"button\" class=\"icon medium\" aria-label=\"Launch Date Input Menu\">\n <svg focusable=\"false\" aria-hidden=\"true\" viewBox=\"0 0 24 24\" tabindex=\"-1\" title=\"DateRange\"><path d=\"M9 11H7v2h2v-2zm4 0h-2v2h2v-2zm4 0h-2v2h2v-2zm2-7h-1V2h-2v2H8V2H6v2H5c-1.11 0-1.99.9-1.99 2L3 20c0 1.1.89 2 2 2h14c1.1 0 2-.9 2-2V6c0-1.1-.9-2-2-2zm0 16H5V9h14v11z\"></path></svg>\n </button>\n <input placeholder=\"mm/dd/yyyy\" type=\"date\" id=\"example-date-input\" name=\"example-date-input\" max=\"2024-01-15\" min=\"1998-10-08\" value=\"1998-10-08\" />\n </div>\n </div>"
		]
	},
	"Datetime Input": {
		"prefix": "input[type=\"datetime-local\"]",
		"body": [
			"<div class=\"input-group block\">\n    <label for=\"example-datetime-input\">Datetime-local Input:</label>\n    <div class=\"flex-row align-center gap-2 mt-1\">\n      <button data-launch-datetime type=\"button\" class=\"icon medium\" aria-label=\"Launch Datetime Input Menu\">\n        <svg focusable=\"false\" aria-hidden=\"true\" viewBox=\"0 0 24 24\" tabindex=\"-1\" title=\"Today\"><path d=\"M19 3h-1V1h-2v2H8V1H6v2H5c-1.11 0-1.99.9-1.99 2L3 19c0 1.1.89 2 2 2h14c1.1 0 2-.9 2-2V5c0-1.1-.9-2-2-2zm0 16H5V8h14v11zM7 10h5v5H7z\"></path></svg>\n      </button>\n      <input placeholder=\"mm/dd/yyyy\" type=\"datetime-local\" id=\"example-datetime-input\" name=\"example-datetime-input\" max=\"2024-01-15T15:40\" value=\"1998-10-08T12:00\" min=\"1998-10-08T12:00\"/>\n    </div>\n  </div>"
		]
	},
	"Time Input": {
		"prefix": "input[type=\"time\"]",
		"body": [
			"<div class=\"input-group block\">\n    <label for=\"example-time-input\">Time Input:</label>\n    <div class=\"flex-row align-center gap-2 mt-1\">\n      <button data-launch-datetime type=\"button\" class=\"icon medium\" aria-label=\"Launch Time Input Menu\">\n        <svg focusable=\"false\" aria-hidden=\"true\" viewBox=\"0 0 24 24\" tabindex=\"-1\" title=\"QueryBuilder\"><path d=\"M11.99 2C6.47 2 2 6.48 2 12s4.47 10 9.99 10C17.52 22 22 17.52 22 12S17.52 2 11.99 2zM12 20c-4.42 0-8-3.58-8-8s3.58-8 8-8 8 3.58 8 8-3.58 8-8 8z\"></path><path d=\"M12.5 7H11v6l5.25 3.15.75-1.23-4.5-2.67z\"></path></svg>\n      </button>\n      <input type=\"time\" id=\"example-time-input\" name=\"example-time-input\" max=\"22:00\" value=\"12:00:15\" min=\"01:00\"/>\n    </div>\n  </div>"
		]
	}
}	